{
  "type": "Code",
  "name": "[VintageMods] - Waypoint Extensions",
  "modId": "wpex",
  "side": "Universal",
  "description": "Quickly, and easily add waypoint markers at your current position.",
  "version": "2.0.0",
  "website": "https://apachetech.co.uk",
  "authors": [
    "ApacheTech Solutions"
  ],
  "contributors": [
    "ApacheTech Solutions"
  ],
  "requiredOnClient": false,
  "requiredOnServer": false,
  "networkVersion": "1.0.0",
  "dependencies": {
    "game": "1.15.7"
  }
}